UE_id ,UE_ip_current ,Recv time[s] ,Sequence num,Parket size[byte],Sent time[s],Delay[ms]
5,172.16.2.4,5.92533,0,1024,4,1925
5,172.16.2.4,8.00672,1,1024,8,6
5,172.16.2.4,16.0138,3,1024,16,13
5,172.16.3.4,20.2794,4,1024,20,279
