UE_id ,UE_ip_current ,Recv time[s] ,Sequence num,Parket size[byte],Sent time[s],Delay[ms]
9,172.16.3.5,8.74096,0,1024,4,4740
9,172.16.3.5,8.74189,1,1024,8,741
9,172.16.3.5,12.0887,2,1024,12,88
9,172.16.3.5,16.6438,3,1024,16,643
9,172.16.3.5,20.0253,4,1024,20,25
9,172.16.3.5,24.0448,5,1024,24,44
9,172.16.3.5,28.0182,6,1024,28,18
