UE_id ,UE_ip_current ,Recv time[s] ,Sequence num,Parket size[byte],Sent time[s],Delay[ms]
0,172.16.0.3,4.00498,0,1024,4,4
0,172.16.0.3,8.00081,1,1024,8,0
0,172.16.0.3,12.0018,2,1024,12,1
0,172.16.0.3,16.0005,3,1024,16,0
0,172.16.0.3,20.0005,4,1024,20,0
0,172.16.0.3,24.0005,5,1024,24,0
0,172.16.0.3,28.0023,6,1024,28,2
0,172.16.0.3,32.0005,7,1024,32,0
0,172.16.0.3,36.0005,8,1024,36,0
