UE_id ,UE_ip_current ,Recv time[s] ,Sequence num,Parket size[byte],Sent time[s],Delay[ms]
4,172.16.2.5,5.93953,0,1024,4,1939
4,172.16.2.5,8.00162,1,1024,8,1
4,172.16.2.5,12.0095,2,1024,12,9
4,172.16.2.5,16.0191,3,1024,16,19
4,172.16.2.5,20.0232,4,1024,20,23
4,172.16.2.5,24.0223,5,1024,24,22
4,172.16.2.5,28.0172,6,1024,28,17
4,172.16.2.5,32.5644,7,1024,32,564
